<?xml version="1.0" encoding="UTF-8" standalone="yes"?>
<addon id="repository.gshare" version="1.0.4" name="Gshare repository" provider-name="Salemmax">
        <requires>
            <import addon="xbmc.addon" version="12.0.0"/>
        </requires>
        <extension point="xbmc.addon.repository" name="Gshare repository">
            <dir>
                <info compressed="false">https://raw.github.com/billythekids/kodi.repository/master/addons.xml</info>
                <checksum>https://raw.github.com/billythekids/kodi.repository/master/addons.xml.md5</checksum>
                <datadir zip="true">https://github.com/billythekids/kodi.repository/raw/master/zips/</datadir>
            </dir>
			<dir>
				<info compressed="true">https://raw.githubusercontent.com/gsharemedia/gsharemedia/master/addons.xml</info>
				<checksum>https://raw.githubusercontent.com/gsharemedia/gsharemedia/master/addons.xml.md5</checksum>
				<datadir zip="true">https://github.com/gsharemedia/gsharemedia/raw/master/zips</datadir>
			</dir>
			<dir>
				<info compressed="false">http://thong.viettv24.com/kodi4vn/addons.xml</info>
				<checksum>http://thong.viettv24.com/kodi4vn/addons.xml.md5</checksum>
				<datadir zip="true">http://thong.viettv24.com/kodi4vn/</datadir>
			</dir>
			<dir>
				<info compressed="true">https://raw.github.com/thanhnguyenphu/hdplay.kodi/master/addons.xml</info>
				<checksum>https://raw.github.com/thanhnguyenphu/hdplay.kodi/master/addons.xml.md5</checksum>
				<datadir zip="true">https://github.com/thanhnguyenphu/hdplay.kodi/raw/master/zips/</datadir>
			</dir>
			<dir>
				<info compressed="true">http://repo.kodi.vn/00-VMFrepo/addons.xml</info>
				<checksum>http://repo.kodi.vn/00-VMFrepo/addons.xml.md5</checksum>
				<datadir zip="true">http://repo.kodi.vn/00-VMFrepo/</datadir>
			</dir>
			<dir>
				<info compressed="true">https://raw.githubusercontent.com/thaitni/xbmc.repo.xshare/master/addons.xml</info>
				<checksum>https://raw.githubusercontent.com/thaitni/xbmc.repo.xshare/master/addons.xml.md5</checksum>
				<datadir zip="true">https://raw.githubusercontent.com/thaitni/xbmc.repo.xshare/master</datadir>
			</dir>
            <dir>
				<info compressed="false">https://raw.githubusercontent.com/jsergio123/zips/master/addons.xml</info>
				<checksum>https://raw.githubusercontent.com/jsergio123/zips/master/addons.xml.md5</checksum>
				<datadir zip="true">https://raw.githubusercontent.com/jsergio123/zips/master/</datadir>
			</dir>
			<dir>
				<info compressed="true">https://raw.githubusercontent.com/back-to/repo/master/addons.xml</info>
				<checksum>https://raw.githubusercontent.com/back-to/repo/master/addons.xml.md5</checksum>
				<datadir zip="true">https://raw.githubusercontent.com/back-to/repo/master/</datadir>
			</dir>
			<dir>
				<info compressed="true">https://raw.githubusercontent.com/addon-gshare/addongshare/master/addons.xml</info>
				<checksum>https://raw.githubusercontent.com/addon-gshare/addongshare/master/addons.xml.md5</checksum>
				<datadir zip="true">https://github.com/addon-gshare/addongshare/raw/master/zips</datadir>
			</dir>
        </extension>
        <extension point="xbmc.addon.metadata">
            <summary lang="en">Install addon from Salemmax's repository</summary>
			<description lang="en">[COLOR red][B]Salemmax[/COLOR]-[COLOR blue]Repository tập hợp các addon và repository giải trí online trên XBMC - Kodi[/B][/COLOR]</description>
			<disclaimer lang="en">Mọi nội dung được lấy từ Internet vì vậy chúng tôi không chịu trách nhiệm về chất lượng cũng như sự ổn định</disclaimer>
			<email>gshare.media.com</email>
			<platform>all</platform>
        </extension>
    </addon>
